INSERT INTO REF_RESSOURCE ("ID_REF_RESSOURCE", "CODE", "CONSOLIDABLE") VALUES (1, 'ELECTRICITE', 1);
INSERT INTO REF_RESSOURCE ("ID_REF_RESSOURCE", "CODE", "CONSOLIDABLE") VALUES (2, 'TEMP', 0);
INSERT INTO REF_RESSOURCE ("ID_REF_RESSOURCE", "CODE", "CONSOLIDABLE") VALUES (3, 'GAZ', 1);
INSERT INTO REF_RESSOURCE ("ID_REF_RESSOURCE", "CODE", "CONSOLIDABLE") VALUES (4, 'INDICATEUR', 0);
INSERT INTO REF_RESSOURCE ("ID_REF_RESSOURCE", "CODE", "CONSOLIDABLE") VALUES (5, 'EAU', 1);

INSERT INTO REF_PROPRIETE_PHYSIQUE ("ID_REF_PROPRIETE_PHYSIQUE", "CODE") VALUES (6, 'P_ACTIVE');
INSERT INTO REF_PROPRIETE_PHYSIQUE ("ID_REF_PROPRIETE_PHYSIQUE", "CODE") VALUES (13, 'VOL_GAZ');
INSERT INTO REF_PROPRIETE_PHYSIQUE ("ID_REF_PROPRIETE_PHYSIQUE", "CODE") VALUES (14, 'P_GAZ');
INSERT INTO REF_PROPRIETE_PHYSIQUE ("ID_REF_PROPRIETE_PHYSIQUE", "CODE") VALUES (92, 'ENERGIE_GAZ');
INSERT INTO REF_PROPRIETE_PHYSIQUE ("ID_REF_PROPRIETE_PHYSIQUE", "CODE") VALUES (105, 'TEMP_INT');
INSERT INTO REF_PROPRIETE_PHYSIQUE ("ID_REF_PROPRIETE_PHYSIQUE", "CODE") VALUES (106, 'TEMP_EXT');
INSERT INTO REF_PROPRIETE_PHYSIQUE ("ID_REF_PROPRIETE_PHYSIQUE", "CODE") VALUES (147, 'DEPENSE');


INSERT INTO CLIENT ("ID_CLIENT") VALUES (1);
INSERT INTO CLIENT ("ID_CLIENT") VALUES (2);

INSERT INTO SITE ("ID_SITE", "ID_CLIENT") VALUES (1, 1);
INSERT INTO SITE ("ID_SITE", "ID_CLIENT") VALUES (2, 2);
INSERT INTO SITE ("ID_SITE", "ID_CLIENT") VALUES (3, 2);

INSERT INTO POINT_MESURE ("ID_POINT_MESURE", "ID_POINT_MESURE_PARENT", "ID_REF_RESSOURCE", "ID_SITE")
VALUES (1, NULL, 3, 1);
INSERT INTO POINT_MESURE ("ID_POINT_MESURE", "ID_POINT_MESURE_PARENT", "ID_REF_RESSOURCE", "ID_SITE")
VALUES (2, 1, 3, 1);
INSERT INTO POINT_MESURE ("ID_POINT_MESURE", "ID_POINT_MESURE_PARENT", "ID_REF_RESSOURCE", "ID_SITE")
VALUES (3, 2, 3, 2);
INSERT INTO POINT_MESURE ("ID_POINT_MESURE", "ID_POINT_MESURE_PARENT", "ID_REF_RESSOURCE", "ID_SITE")
VALUES (4, NULL, 2, 2);
INSERT INTO POINT_MESURE ("ID_POINT_MESURE", "ID_POINT_MESURE_PARENT", "ID_REF_RESSOURCE", "ID_SITE")
VALUES (5, 4, 2, 2);
INSERT INTO POINT_MESURE ("ID_POINT_MESURE", "ID_POINT_MESURE_PARENT", "ID_REF_RESSOURCE", "ID_SITE")
VALUES (6, NULL, 1, 1);
INSERT INTO POINT_MESURE ("ID_POINT_MESURE", "ID_POINT_MESURE_PARENT", "ID_REF_RESSOURCE", "ID_SITE")
VALUES (7, NULL, 1, 3);
INSERT INTO POINT_MESURE ("ID_POINT_MESURE", "ID_POINT_MESURE_PARENT", "ID_REF_RESSOURCE", "ID_SITE")
VALUES (8, 6, 1, 1);
INSERT INTO POINT_MESURE ("ID_POINT_MESURE", "ID_POINT_MESURE_PARENT", "ID_REF_RESSOURCE", "ID_SITE")
VALUES (9, 6, 1, 1);

INSERT INTO CANAL ("ID_CANAL", "ID_CANAL_ENTREPOT", "ID_POINT_MESURE", "ID_REF_PROPRIETE_PHYSIQUE")
VALUES (1, 1, 1, 14); -- P_GAZ
INSERT INTO CANAL ("ID_CANAL", "ID_CANAL_ENTREPOT", "ID_POINT_MESURE", "ID_REF_PROPRIETE_PHYSIQUE")
VALUES (2, 2, 2, 13); -- VOL_GAZ
INSERT INTO CANAL ("ID_CANAL", "ID_CANAL_ENTREPOT", "ID_POINT_MESURE", "ID_REF_PROPRIETE_PHYSIQUE")
VALUES (3, 3, 3, 92); -- ENERGIE_GAZ
INSERT INTO CANAL ("ID_CANAL", "ID_CANAL_ENTREPOT", "ID_POINT_MESURE", "ID_REF_PROPRIETE_PHYSIQUE")
VALUES (4, 4, 4, 105); -- TEMP_INT
INSERT INTO CANAL ("ID_CANAL", "ID_CANAL_ENTREPOT", "ID_POINT_MESURE", "ID_REF_PROPRIETE_PHYSIQUE")
VALUES (5, 5, 5, 106); -- TEMP_EXT
INSERT INTO CANAL ("ID_CANAL", "ID_CANAL_ENTREPOT", "ID_POINT_MESURE", "ID_REF_PROPRIETE_PHYSIQUE")
VALUES (6, 6, 6, 147); -- DEPENSE
INSERT INTO CANAL ("ID_CANAL", "ID_CANAL_ENTREPOT", "ID_POINT_MESURE", "ID_REF_PROPRIETE_PHYSIQUE")
VALUES (7, 8, 6, 6); -- P_ACTIVE
INSERT INTO CANAL ("ID_CANAL", "ID_CANAL_ENTREPOT", "ID_POINT_MESURE", "ID_REF_PROPRIETE_PHYSIQUE")
VALUES (8, 7, 8, 6); -- P_ACTIVE
INSERT INTO CANAL ("ID_CANAL", "ID_CANAL_ENTREPOT", "ID_POINT_MESURE", "ID_REF_PROPRIETE_PHYSIQUE")
VALUES (9, 7, 7, 6); -- P_ACTIVE
INSERT INTO CANAL ("ID_CANAL", "ID_CANAL_ENTREPOT", "ID_POINT_MESURE", "ID_REF_PROPRIETE_PHYSIQUE")
VALUES (10, 10, 9, 6); -- P_ACTIVE
INSERT INTO CANAL ("ID_CANAL", "ID_CANAL_ENTREPOT", "ID_POINT_MESURE", "ID_REF_PROPRIETE_PHYSIQUE")
VALUES (11, 11, 9, 6); -- P_ACTIVE
INSERT INTO CANAL ("ID_CANAL", "ID_CANAL_ENTREPOT", "ID_POINT_MESURE", "ID_REF_PROPRIETE_PHYSIQUE")
VALUES (42, 42, 9, 6); -- P_ACTIVE
INSERT INTO CANAL ("ID_CANAL", "ID_CANAL_ENTREPOT", "ID_POINT_MESURE", "ID_REF_PROPRIETE_PHYSIQUE")
VALUES (43, 43, 9, 6); -- P_ACTIVE




